<?xml version="1.0" encoding="UTF-8" standalone="yes"?>
<manifest>
  <control namespace="MARS" constructor="MARSBarcodeScanner" version="0.0.1" display-name-key="MARSBarcodeScanner" description-key="MARSBarcodeScanner description" control-type="standard" api-version="1.3.16">
    <external-service-usage enabled="false"/>
    <property name="value" display-name-key="Value" description-key="Scanned barcode value" of-type="SingleLine.Text" usage="bound" required="true"/>
    <resources>
      <code path="bundle.js" order="1"/>
      <css path="css/main.css" order="1"/>
      <platform-library name="React" version="16.8.6"/>
      <platform-library name="Fluent" version="8.29.0"/>
    </resources>
    <feature-usage/>
    <built-by name="pac" version="1.42.1"/>
  </control>
</manifest>